{
  "images" : [
    {
      "idiom" : "universal",
      "filename" : "kisspng-flat-design-space-rocket-flat-vector-material-5a8ccc905385f1.0815886415191768483421.png",
      "scale" : "1x"
    },
    {
      "idiom" : "universal",
      "filename" : "kisspng-flat-design-space-rocket-flat-vector-material-5a8ccc905385f1.0815886415191768483421-1.png",
      "scale" : "2x"
    },
    {
      "idiom" : "universal",
      "filename" : "kisspng-flat-design-space-rocket-flat-vector-material-5a8ccc905385f1.0815886415191768483421-2.png",
      "scale" : "3x"
    }
  ],
  "info" : {
    "version" : 1,
    "author" : "xcode"
  }
}